Country,Date,Label,Latitude,Longitude,Count,Type
Ukraine,2022-3-03,Україна,49.4871968,31.2718321,1,MentionType.SECONDARY
Ukraine,2022-3-03,Запоріжжя, Запорізька міська громада, Запорізький район, Запорізька область, 69037, Україна,47.8507859,35.1182867,1,MentionType.SECONDARY
Ukraine,2022-3-03,Чорнобиль, Вишгородський район, Київська область, 07270, Україна,51.2705477,30.2195609,1,MentionType.SECONDARY
Ukraine,2022-3-03,Національний музей "Тюрма на Лонцького", Карла Брюллова вулиця, Цитадель, Софіївка, Галицький район, Львів, Львівська міська громада, Львівський район, Львівська область, 79012, Україна,49.8344815,24.0186798,1,MentionType.SECONDARY
Ukraine,2022-3-03,Чернігівська область, Україна,51.272593,31.7417235,1,MentionType.SECONDARY
Ukraine,2022-3-03,Енергоатом, Жилянська вулиця, Євбаз, Шевченківський район, Київ, 01032, Україна,50.4411258,30.4972454,1,MentionType.SECONDARY
Ukraine,2022-3-03,Київ, Україна,50.4500336,30.5241361,1,MentionType.SECONDARY
Ukraine,2022-3-03,Музей дважды Героя Советского Союза Амет-Хана Султана, 22, Ялтинская улица, Дом-музей Амет-Хана Султана, Алупка, городской округ Ялта, Автономна Республіка Крим, 298676, Україна,44.423953,34.0547074,1,MentionType.SECONDARY
Ukraine,2022-3-04,Україна,49.4871968,31.2718321,1,MentionType.SECONDARY
Ukraine,2022-3-04,Енергоатом, Жилянська вулиця, Євбаз, Шевченківський район, Київ, 01032, Україна,50.4411258,30.4972454,1,MentionType.SECONDARY
Ukraine,2022-3-04,The best, 32, Богоявленський проспект, Південний Турбінний Завод, Інгульський район, Миколаїв, Миколаївська міська громада, Миколаївський район, Миколаївська область, 54000-54490, Україна,46.9423408,32.0382517,1,MentionType.SECONDARY
Ukraine,2022-3-04,Музей дважды Героя Советского Союза Амет-Хана Султана, 22, Ялтинская улица, Дом-музей Амет-Хана Султана, Алупка, городской округ Ялта, Автономна Республіка Крим, 298676, Україна,44.423953,34.0547074,1,MentionType.SECONDARY
Ukraine,2022-3-04,Ірпінь, Ірпінська міська громада, Бучанський район, Київська область, 08200-08289, Україна,50.5206777,30.2448725,1,MentionType.SECONDARY
Ukraine,2022-3-04,Чорнобиль, Вишгородський район, Київська область, 07270, Україна,51.2705477,30.2195609,1,MentionType.SECONDARY
Ukraine,2022-3-05,Україна,49.4871968,31.2718321,1,MentionType.SECONDARY
Ukraine,2022-3-05,Київ, Україна,50.4500336,30.5241361,1,MentionType.SECONDARY
Ukraine,2022-3-05,Енергоатом, Жилянська вулиця, Євбаз, Шевченківський район, Київ, 01032, Україна,50.4411258,30.4972454,1,MentionType.SECONDARY
Ukraine,2022-3-05,Чорнобиль, Вишгородський район, Київська область, 07270, Україна,51.2705477,30.2195609,1,MentionType.SECONDARY
Ukraine,2022-3-05,Луганська область, Україна,49.2724587,38.9150477,1,MentionType.SECONDARY
Ukraine,2022-3-05,Волноваха, Волноваська міська громада, Волноваський район, Донецька область, 85700-85706, Україна,47.5984285,37.4998511,1,MentionType.SECONDARY
Ukraine,2022-3-05,Ірпінь, Ірпінська міська громада, Бучанський район, Київська область, 08200-08289, Україна,50.5206777,30.2448725,1,MentionType.SECONDARY
Ukraine,2022-3-02,Україна,49.4871968,31.2718321,1,MentionType.SECONDARY
Ukraine,2022-3-02,Львів, Львівська міська громада, Львівський район, Львівська область, 79000, Україна,49.841952,24.0315921,1,MentionType.SECONDARY
Ukraine,2022-3-02,Музей дважды Героя Советского Союза Амет-Хана Султана, 22, Ялтинская улица, Дом-музей Амет-Хана Султана, Алупка, городской округ Ялта, Автономна Республіка Крим, 298676, Україна,44.423953,34.0547074,1,MentionType.SECONDARY
Ukraine,2022-3-02,Харків, Харківська міська громада, Харківський район, Харківська область, Україна,49.9923181,36.2310146,1,MentionType.SECONDARY
Ukraine,2022-3-02,Луганська область, Україна,49.2724587,38.9150477,1,MentionType.SECONDARY
Ukraine,2022-3-02,Київ, Україна,50.4500336,30.5241361,1,MentionType.SECONDARY
Ukraine,2022-3-20,Україна,49.4871968,31.2718321,1,MentionType.SECONDARY
Ukraine,2022-3-20,Кам’янець-Подільський, Кам'янець-Подільська міська громада, Кам’янець-Подільський район, Хмельницька область, 32300-32315, Україна,48.6784597,26.5852225,1,MentionType.SECONDARY
Ukraine,2022-3-20,Київ, Україна,50.4500336,30.5241361,1,MentionType.SECONDARY
Ukraine,2022-3-20,Подільський район, Київ, Україна,50.4895574,30.42850354868418,1,MentionType.SECONDARY
Ukraine,2022-3-20,Чорнобиль, Вишгородський район, Київська область, 07270, Україна,51.2705477,30.2195609,1,MentionType.SECONDARY
Ukraine,2022-3-20,Львів, Львівська міська громада, Львівський район, Львівська область, 79000, Україна,49.841952,24.0315921,1,MentionType.SECONDARY
Ukraine,2022-3-20,Вовчанськ, Вовчанська міська громада, Чугуївський район, Харківська область, 62500-62503, Україна,50.2928843,36.9370028,1,MentionType.SECONDARY
Ukraine,2022-3-20,Красилівка, Словечанська сільська громада, Коростенський район, Житомирська область, 11146, Україна,51.2756,28.492701,1,MentionType.SECONDARY
Ukraine,2022-3-20,Бердянськ, Бердянська міська громада, Бердянський район, Запорізька область, 71100-71127, Україна,46.755678,36.7887623,1,MentionType.SECONDARY
Ukraine,2022-3-20,Луганська область, Україна,49.2724587,38.9150477,1,MentionType.SECONDARY
Ukraine,2022-3-20,Рубіжне, Рубіжанська міська громада, Сєвєродонецький район, Луганська область, Україна,49.0222573,38.3667937,1,MentionType.SECONDARY
Ukraine,2022-3-18,Україна,49.4871968,31.2718321,1,MentionType.SECONDARY
Ukraine,2022-3-18,Мелітополь, Мелітопольська міська громада, Мелітопольський район, Запорізька область, 72300-72324, Україна,46.8400009,35.35786473485406,1,MentionType.SECONDARY
Ukraine,2022-3-18,Львів, Львівська міська громада, Львівський район, Львівська область, 79000, Україна,49.841952,24.0315921,1,MentionType.SECONDARY
Ukraine,2022-3-18,Бердянськ, Бердянська міська громада, Бердянський район, Запорізька область, 71100-71127, Україна,46.755678,36.7887623,1,MentionType.SECONDARY
Ukraine,2022-3-18,Вінницька область, Україна,48.8990315,28.516068,1,MentionType.SECONDARY
Ukraine,2022-3-18,Кам’янець-Подільський, Кам'янець-Подільська міська громада, Кам’янець-Подільський район, Хмельницька область, 32300-32315, Україна,48.6784597,26.5852225,1,MentionType.SECONDARY
Ukraine,2022-3-27,Україна,49.4871968,31.2718321,1,MentionType.SECONDARY
Ukraine,2022-3-27,Житомирська область, Україна,50.9080532,28.3867504,1,MentionType.SECONDARY
Ukraine,2022-3-27,Одеса, Одеська міська громада, Одеський район, Одеська область, Україна,46.48590215,30.68363780440557,1,MentionType.SECONDARY
Ukraine,2022-3-27,Львів, Львівська міська громада, Львівський район, Львівська область, 79000, Україна,49.841952,24.0315921,1,MentionType.SECONDARY
Ukraine,2022-3-27,Луганська область, Україна,49.2724587,38.9150477,1,MentionType.SECONDARY
Ukraine,2022-3-27,Ужгород, Ужгородська міська громада, Ужгородський район, Закарпатська область, Україна,48.6223732,22.3022569,1,MentionType.SECONDARY
Ukraine,2022-3-11,Україна,49.4871968,31.2718321,1,MentionType.SECONDARY
Ukraine,2022-3-11,Мелітополь, Мелітопольська міська громада, Мелітопольський район, Запорізька область, 72300-72324, Україна,46.8400009,35.35786473485406,1,MentionType.SECONDARY
Ukraine,2022-3-11,Луганська область, Україна,49.2724587,38.9150477,1,MentionType.SECONDARY
Ukraine,2022-3-11,Чорнобиль, Вишгородський район, Київська область, 07270, Україна,51.2705477,30.2195609,1,MentionType.SECONDARY
Ukraine,2022-3-11,Харків, Харківська міська громада, Харківський район, Харківська область, Україна,49.9923181,36.2310146,1,MentionType.SECONDARY
Ukraine,2022-3-11,Київ, Україна,50.4500336,30.5241361,1,MentionType.SECONDARY
Ukraine,2022-3-11,Ірпінь, Ірпінська міська громада, Бучанський район, Київська область, 08200-08289, Україна,50.5206777,30.2448725,1,MentionType.SECONDARY
Ukraine,2022-3-11,Волноваха, Волноваська міська громада, Волноваський район, Донецька область, 85700-85706, Україна,47.5984285,37.4998511,1,MentionType.SECONDARY
Ukraine,2022-3-11,Баришівка, Баришівська селищна громада, Броварський район, Київська область, 07500, Україна,50.3645295,31.3256722,1,MentionType.SECONDARY
Ukraine,2022-3-11,Миколаївська область, Україна,47.3886032,31.9442334,1,MentionType.SECONDARY
Ukraine,2022-3-11,Львів, Львівська міська громада, Львівський район, Львівська область, 79000, Україна,49.841952,24.0315921,1,MentionType.SECONDARY
Ukraine,2022-3-11,Бородянка, Бородянська селищна громада, Бучанський район, Київська область, 07801, Україна,50.6437677,29.9278296,1,MentionType.SECONDARY
Ukraine,2022-3-11,Ізюм, Ізюмська міська громада, Ізюмський район, Харківська область, Україна,49.1913721,37.2784125,1,MentionType.SECONDARY
Ukraine,2022-3-11,Черкаська область, Україна,49.3402711,31.610320733574746,1,MentionType.SECONDARY
Ukraine,2022-3-11,Хмельницька область, Україна,49.268624,27.0635998,1,MentionType.SECONDARY
Ukraine,2022-3-29,Україна,49.4871968,31.2718321,1,MentionType.SECONDARY
Ukraine,2022-3-29,Київ, Україна,50.4500336,30.5241361,1,MentionType.SECONDARY
Ukraine,2022-3-29,Маріуполь, Маріупольська міська громада, Маріупольський район, Донецька область, 87500-87590, Україна,47.0957648,37.5499621,1,MentionType.SECONDARY
Ukraine,2022-3-29,Чорнобиль, Вишгородський район, Київська область, 07270, Україна,51.2705477,30.2195609,1,MentionType.SECONDARY
Ukraine,2022-3-29,Рівненська область, Україна,51.2074112,26.5208033,1,MentionType.SECONDARY
Ukraine,2022-3-29,Юг, 9, Радгоспна вулиця, РТС, Судак, Судакский городской совет, Автономна Республіка Крим, 2980000, Україна,44.8583395,34.9723794,1,MentionType.SECONDARY
Ukraine,2022-3-29,Ірпінь, Ірпінська міська громада, Бучанський район, Київська область, 08200-08289, Україна,50.5206777,30.2448725,1,MentionType.SECONDARY
Ukraine,2022-3-29,Кам’янка, Чоповицька селищна громада, Коростенський район, Житомирська область, 11646, Україна,50.933617,29.096962,1,MentionType.SECONDARY
Ukraine,2022-3-29,Слов’янськ, Слов'янська міська громада, Краматорський район, Донецька область, 84100-84129, Україна,48.8522691,37.6058241,1,MentionType.SECONDARY
Ukraine,2022-3-29,Львів, Львівська міська громада, Львівський район, Львівська область, 79000, Україна,49.841952,24.0315921,1,MentionType.SECONDARY
Ukraine,2022-3-29,Гусаків, Шегинівська сільська громада, Яворівський район, Львівська область, 81353, Україна,49.714161,22.99473,1,MentionType.SECONDARY
Ukraine,2022-3-29,Луганська область, Україна,49.2724587,38.9150477,1,MentionType.SECONDARY
Ukraine,2022-3-16,Україна,49.4871968,31.2718321,1,MentionType.SECONDARY
Ukraine,2022-3-16,Бердянськ, Бердянська міська громада, Бердянський район, Запорізька область, 71100-71127, Україна,46.755678,36.7887623,1,MentionType.SECONDARY
Ukraine,2022-3-16,Волноваха, Волноваська міська громада, Волноваський район, Донецька область, 85700-85706, Україна,47.5984285,37.4998511,1,MentionType.SECONDARY
Ukraine,2022-3-16,Київ, Україна,50.4500336,30.5241361,1,MentionType.SECONDARY
Ukraine,2022-3-16,Луганська область, Україна,49.2724587,38.9150477,1,MentionType.SECONDARY
Ukraine,2022-3-16,Мелітополь, Мелітопольська міська громада, Мелітопольський район, Запорізька область, 72300-72324, Україна,46.8400009,35.35786473485406,1,MentionType.SECONDARY
Ukraine,2022-3-16,Одеса, Одеська міська громада, Одеський район, Одеська область, 65082, Україна,46.4843023,30.7322878,1,MentionType.SECONDARY
Ukraine,2022-3-16,Львів, Львівська міська громада, Львівський район, Львівська область, 79000, Україна,49.841952,24.0315921,1,MentionType.SECONDARY
Ukraine,2022-3-28,Україна,49.4871968,31.2718321,1,MentionType.SECONDARY
Ukraine,2022-3-28,Луганська область, Україна,49.2724587,38.9150477,1,MentionType.SECONDARY
Ukraine,2022-3-28,Trostineț-Тростянець-Тростянец, Подільський район, Одеська область, 67910, Україна,47.6054743,29.259883,1,MentionType.SECONDARY
Ukraine,2022-3-28,Львів, Львівська міська громада, Львівський район, Львівська область, 79000, Україна,49.841952,24.0315921,1,MentionType.SECONDARY
Ukraine,2022-3-28,Ізюм, Ізюмська міська громада, Ізюмський район, Харківська область, Україна,49.1913721,37.2784125,1,MentionType.SECONDARY
Ukraine,2022-3-28,Балаклія, Балаклійська міська громада, Ізюмський район, Харківська область, Україна,49.4628203,36.8786912,1,MentionType.SECONDARY
Ukraine,2022-3-28,Вінницька область, Україна,48.8990315,28.516068,1,MentionType.SECONDARY
Ukraine,2022-3-28,Ірпінь, Ірпінська міська громада, Бучанський район, Київська область, 08200-08289, Україна,50.5206777,30.2448725,1,MentionType.SECONDARY
Ukraine,2022-3-28,Вишгород, Вишгородська міська громада, Вишгородський район, Київська область, 07300, Україна,50.5824332,30.485121,1,MentionType.SECONDARY
Ukraine,2022-3-17,Україна,49.4871968,31.2718321,1,MentionType.SECONDARY
Ukraine,2022-3-17,Луганська область, Україна,49.2724587,38.9150477,1,MentionType.SECONDARY
Ukraine,2022-3-17,Рубіжне, Рубіжанська міська громада, Сєвєродонецький район, Луганська область, Україна,49.0222573,38.3667937,1,MentionType.SECONDARY
Ukraine,2022-3-17,Львів, Львівська міська громада, Львівський район, Львівська область, 79000, Україна,49.841952,24.0315921,1,MentionType.SECONDARY
Ukraine,2022-3-17,Чернівці, Чернівецька міська громада, Чернівецький район, Чернівецька область, 58002, Україна,48.2864702,25.9376532,1,MentionType.SECONDARY
Ukraine,2022-3-17,Житомирська область, Україна,50.9080532,28.3867504,1,MentionType.SECONDARY
Ukraine,2022-3-17,Бердянськ, Бердянська міська громада, Бердянський район, Запорізька область, 71100-71127, Україна,46.755678,36.7887623,1,MentionType.SECONDARY
Ukraine,2022-3-17,Вовчанськ, Вовчанська міська громада, Чугуївський район, Харківська область, 62500-62503, Україна,50.2928843,36.9370028,1,MentionType.SECONDARY
Ukraine,2022-3-17,Мелітополь, Мелітопольська міська громада, Мелітопольський район, Запорізька область, 72300-72324, Україна,46.8400009,35.35786473485406,1,MentionType.SECONDARY
Ukraine,2022-3-17,Академіка Барабашова вулиця, Піски, Київський район, Харків, Харківська міська громада, Харківський район, Харківська область, 61168, Україна,50.0238796,36.3200828,1,MentionType.SECONDARY
Ukraine,2022-3-17,Чернігівська область, Україна,51.272593,31.7417235,1,MentionType.SECONDARY
Ukraine,2022-3-10,Україна,49.4871968,31.2718321,1,MentionType.SECONDARY
Ukraine,2022-3-10,Музей дважды Героя Советского Союза Амет-Хана Султана, 22, Ялтинская улица, Дом-музей Амет-Хана Султана, Алупка, городской округ Ялта, Автономна Республіка Крим, 298676, Україна,44.423953,34.0547074,1,MentionType.SECONDARY
Ukraine,2022-3-10,Чорнобиль, Вишгородський район, Київська область, 07270, Україна,51.2705477,30.2195609,1,MentionType.SECONDARY
Ukraine,2022-3-10,Рівненська область, Україна,51.2074112,26.5208033,1,MentionType.SECONDARY
Ukraine,2022-3-10,Юг, 9, Радгоспна вулиця, РТС, Судак, Судакский городской совет, Автономна Республіка Крим, 2980000, Україна,44.8583395,34.9723794,1,MentionType.SECONDARY
Ukraine,2022-3-10,Гостомель, Гостомельська селищна громада, Бучанський район, Київська область, 08290, Україна,50.58826,30.25909,1,MentionType.SECONDARY
Ukraine,2022-3-10,Чернігівська область, Україна,51.272593,31.7417235,1,MentionType.SECONDARY
Ukraine,2022-3-10,Ірпінь, Ірпінська міська громада, Бучанський район, Київська область, 08200-08289, Україна,50.5206777,30.2448725,1,MentionType.SECONDARY
Ukraine,2022-3-10,Черкаська область, Україна,49.3402711,31.610320733574746,1,MentionType.SECONDARY
Ukraine,2022-3-10,Львів, Львівська міська громада, Львівський район, Львівська область, 79000, Україна,49.841952,24.0315921,1,MentionType.SECONDARY
Ukraine,2022-3-10,Лубни, Лубенська міська громада, Лубенський район, Полтавська область, 37500-37509, Україна,50.0118206,33.0030821,1,MentionType.SECONDARY
Ukraine,2022-3-10,Харків, Харківська міська громада, Харківський район, Харківська область, Україна,49.9923181,36.2310146,1,MentionType.SECONDARY
Ukraine,2022-3-19,Україна,49.4871968,31.2718321,1,MentionType.SECONDARY
Ukraine,2022-3-19,Миколаївська область, Україна,47.3886032,31.9442334,1,MentionType.SECONDARY
Ukraine,2022-3-19,Київ, Україна,50.4500336,30.5241361,1,MentionType.SECONDARY
Ukraine,2022-3-19,Чорнобаївка, М-14, Чорнобаївка, Чорнобаївська сільська громада, Херсонський район, Херсонська область, 75024, Україна,46.7182236,32.5292623,1,MentionType.SECONDARY
Ukraine,2022-3-19,Рубіжне, Рубіжанська міська громада, Сєвєродонецький район, Луганська область, Україна,49.0222573,38.3667937,1,MentionType.SECONDARY
Ukraine,2022-3-19,Луганська область, Україна,49.2724587,38.9150477,1,MentionType.SECONDARY
Ukraine,2022-3-19,Попасна, Попаснянська міська громада, Сєвєродонецький район, Луганська область, Україна,48.62995,38.36632,1,MentionType.SECONDARY
Ukraine,2022-3-19,Бровари, Броварська міська громада, Броварський район, Київська область, 07400, Україна,50.5111168,30.7900482,1,MentionType.SECONDARY
Ukraine,2022-3-19,Бердянськ, Бердянська міська громада, Бердянський район, Запорізька область, 71100-71127, Україна,46.755678,36.7887623,1,MentionType.SECONDARY
Ukraine,2022-3-19,Мелітополь, Мелітопольська міська громада, Мелітопольський район, Запорізька область, 72300-72324, Україна,46.8400009,35.35786473485406,1,MentionType.SECONDARY
Ukraine,2022-3-26,Україна,49.4871968,31.2718321,1,MentionType.SECONDARY
Ukraine,2022-3-26,Львів, Львівська міська громада, Львівський район, Львівська область, 79000, Україна,49.841952,24.0315921,1,MentionType.SECONDARY
Ukraine,2022-3-26,Харків, Харківська міська громада, Харківський район, Харківська область, Україна,49.9923181,36.2310146,1,MentionType.SECONDARY
Ukraine,2022-3-26,Чорнобиль, Вишгородський район, Київська область, 07270, Україна,51.2705477,30.2195609,1,MentionType.SECONDARY
Ukraine,2022-3-26,Луганська область, Україна,49.2724587,38.9150477,1,MentionType.SECONDARY
Ukraine,2022-3-26,Музей дважды Героя Советского Союза Амет-Хана Султана, 22, Ялтинская улица, Дом-музей Амет-Хана Султана, Алупка, городской округ Ялта, Автономна Республіка Крим, 298676, Україна,44.423953,34.0547074,1,MentionType.SECONDARY
Ukraine,2022-3-21,Україна,49.4871968,31.2718321,1,MentionType.SECONDARY
Ukraine,2022-3-21,Маріуполь, Маріупольська міська громада, Маріупольський район, Донецька область, 87500-87590, Україна,47.0957648,37.5499621,1,MentionType.SECONDARY
Ukraine,2022-3-21,Irpin River, Маяковського вулиця, Ірпінь, Ірпінська міська громада, Бучанський район, Київська область, 08200-08289, Україна,50.509925,30.2583788,1,MentionType.SECONDARY
Ukraine,2022-3-21,Буча, Ірпінь, Ірпінська міська громада, Бучанський район, Київська область, 08200-08289, Україна,50.5300778,30.2179137,1,MentionType.SECONDARY
Ukraine,2022-3-21,Ірпінь, Ірпінська міська громада, Бучанський район, Київська область, 08200-08289, Україна,50.5206777,30.2448725,1,MentionType.SECONDARY
Ukraine,2022-3-21,Житомирська область, Україна,50.9080532,28.3867504,1,MentionType.SECONDARY
Ukraine,2022-3-21,Чугуїв, Чугуївська міська громада, Чугуївський район, Харківська область, Україна,49.8363648,36.6898157,1,MentionType.SECONDARY
Ukraine,2022-3-21,Торецьк, Торецька міська громада, Бахмутський район, Донецька область, 85200-85279, Україна,48.3970469,37.8501378,1,MentionType.SECONDARY
Ukraine,2022-3-21,Кам’янське, Кам'янська міська громада, Кам'янський район, Дніпропетровська область, 51900-51989, Україна,48.5167748,34.6068797,1,MentionType.SECONDARY
Ukraine,2022-3-21,Львів, Львівська міська громада, Львівський район, Львівська область, 79000, Україна,49.841952,24.0315921,1,MentionType.SECONDARY
Ukraine,2022-3-21,Київ, Україна,50.4500336,30.5241361,1,MentionType.SECONDARY
Ukraine,2022-3-21,Мелітополь, Мелітопольська міська громада, Мелітопольський район, Запорізька область, 72300-72324, Україна,46.8400009,35.35786473485406,1,MentionType.SECONDARY
Ukraine,2022-3-21,Донецьк, Ворошиловський район, Донецька міська рада, Донецька область, 83000-83490, Україна,48.0158753,37.8013407,1,MentionType.SECONDARY
Ukraine,2022-3-21,Поділ, Подільський район, Київ, 04070, Україна,50.469128,30.516624,1,MentionType.SECONDARY
Ukraine,2022-3-21,Бердянськ, Бердянська міська громада, Бердянський район, Запорізька область, 71100-71127, Україна,46.755678,36.7887623,1,MentionType.SECONDARY
Ukraine,2022-3-07,Україна,49.4871968,31.2718321,1,MentionType.SECONDARY
Ukraine,2022-3-07,Ірпінь, Ірпінська міська громада, Бучанський район, Київська область, 08200-08289, Україна,50.5206777,30.2448725,1,MentionType.SECONDARY
Ukraine,2022-3-07,Мелітополь, Мелітопольська міська громада, Мелітопольський район, Запорізька область, 72300-72324, Україна,46.8400009,35.35786473485406,1,MentionType.SECONDARY
Ukraine,2022-3-07,Житомирська область, Україна,50.9080532,28.3867504,1,MentionType.SECONDARY
Ukraine,2022-3-07,Коростень, Коростенська міська громада, Коростенський район, Житомирська область, Україна,50.959409699999995,28.633106718838626,1,MentionType.SECONDARY
Ukraine,2022-3-07,Макарів, Макарівська селищна громада, Бучанський район, Київська область, 08001, Україна,50.4639897,29.8068986,1,MentionType.SECONDARY
Ukraine,2022-3-07,Київське шосе, Мар'янівка, Корольовський район, Житомир, Житомирська міська громада, Житомирський район, Житомирська область, 10001, Україна,50.2727385,28.7035041,1,MentionType.SECONDARY
Ukraine,2022-3-07,Львів, Львівська міська громада, Львівський район, Львівська область, 79000, Україна,49.841952,24.0315921,1,MentionType.SECONDARY
Ukraine,2022-3-07,Ужгород, Ужгородська міська громада, Ужгородський район, Закарпатська область, Україна,48.6223732,22.3022569,1,MentionType.SECONDARY
Ukraine,2022-3-07,Херсонська область, Україна,46.5421715,33.4079326,1,MentionType.SECONDARY
Ukraine,2022-3-07,Заворичі, Калитянська селищна громада, Броварський район, Київська область, 07424, Україна,50.69916,31.13457,1,MentionType.SECONDARY
Ukraine,2022-3-09,Україна,49.4871968,31.2718321,1,MentionType.SECONDARY
Ukraine,2022-3-09,Київ, Україна,50.4500336,30.5241361,1,MentionType.SECONDARY
Ukraine,2022-3-09,Чорнобиль, Вишгородський район, Київська область, 07270, Україна,51.2705477,30.2195609,1,MentionType.SECONDARY
Ukraine,2022-3-09,Енергоатом, Жилянська вулиця, Євбаз, Шевченківський район, Київ, 01032, Україна,50.4411258,30.4972454,1,MentionType.SECONDARY
Ukraine,2022-3-09,Ізюм, Ізюмська міська громада, Ізюмський район, Харківська область, Україна,49.1913721,37.2784125,1,MentionType.SECONDARY
Ukraine,2022-3-09,Волноваха, Волноваська міська громада, Волноваський район, Донецька область, 85700-85706, Україна,47.5984285,37.4998511,1,MentionType.SECONDARY
Ukraine,2022-3-09,Чернігівська область, Україна,51.272593,31.7417235,1,MentionType.SECONDARY
Ukraine,2022-3-09,Донецьк, Ворошиловський район, Донецька міська рада, Донецька область, 83000-83490, Україна,48.0158753,37.8013407,1,MentionType.SECONDARY
Ukraine,2022-3-09,Житомирська область, Україна,50.9080532,28.3867504,1,MentionType.SECONDARY
Ukraine,2022-3-09,Білогородка, Білогородська сільська громада, Бучанський район, Київська область, 08140, Україна,50.390171,30.22785,1,MentionType.SECONDARY
Ukraine,2022-3-09,Вознесенськ, Вознесенська міська громада, Вознесенський район, Миколаївська область, 56500-56518, Україна,47.5679582,31.3338636,1,MentionType.SECONDARY
Ukraine,2022-3-31,Україна,49.4871968,31.2718321,1,MentionType.SECONDARY
Ukraine,2022-3-31,Енергоатом, Жилянська вулиця, Євбаз, Шевченківський район, Київ, 01032, Україна,50.4411258,30.4972454,1,MentionType.SECONDARY
Ukraine,2022-3-31,Чорнобиль, Вишгородський район, Київська область, 07270, Україна,51.2705477,30.2195609,1,MentionType.SECONDARY
Ukraine,2022-3-31,Василівка, Василівська міська громада, Василівський район, Запорізька область, 71600-71602, Україна,47.4431859,35.2803026,1,MentionType.SECONDARY
Ukraine,2022-3-31,Бердянськ, Бердянська міська громада, Бердянський район, Запорізька область, 71100-71127, Україна,46.755678,36.7887623,1,MentionType.SECONDARY
Ukraine,2022-3-31,Донецьк, Ворошиловський район, Донецька міська рада, Донецька область, 83000-83490, Україна,48.0158753,37.8013407,1,MentionType.SECONDARY
Ukraine,2022-3-31,Хмельницька область, Україна,49.268624,27.0635998,1,MentionType.SECONDARY
Ukraine,2022-3-31,Прип’ять, Вишгородський район, Київська область, Україна,51.4059655,30.0573963,1,MentionType.SECONDARY
Ukraine,2022-3-31,Адміністрація зони відчуження, Радянська вулиця, Чорнобиль, Київська область, 07270, Україна,51.27465545,30.22961355,1,MentionType.SECONDARY
Ukraine,2022-3-31,Київ, Україна,50.4500336,30.5241361,1,MentionType.SECONDARY
Ukraine,2022-3-31,Луганська область, Україна,49.2724587,38.9150477,1,MentionType.SECONDARY
Ukraine,2022-3-31,Миколаївська область, Україна,47.3886032,31.9442334,1,MentionType.SECONDARY
Ukraine,2022-3-30,Київ, Україна,50.4500336,30.5241361,1,MentionType.SECONDARY
Ukraine,2022-3-30,Україна,49.4871968,31.2718321,1,MentionType.SECONDARY
Ukraine,2022-3-30,Чорнобиль, Вишгородський район, Київська область, 07270, Україна,51.2705477,30.2195609,1,MentionType.SECONDARY
Ukraine,2022-3-30,Ірпінь, Ірпінська міська громада, Бучанський район, Київська область, 08200-08289, Україна,50.5206777,30.2448725,1,MentionType.SECONDARY
Ukraine,2022-3-30,Львів, Львівська міська громада, Львівський район, Львівська область, 79000, Україна,49.841952,24.0315921,1,MentionType.SECONDARY
Ukraine,2022-3-30,Харків, Харківська міська громада, Харківський район, Харківська область, Україна,49.9923181,36.2310146,1,MentionType.SECONDARY
Ukraine,2022-3-30,Мар’їнка, Мар'їнська міська громада, Покровський район, Донецька область, 85600-85602, Україна,47.9401242,37.5022312,1,MentionType.SECONDARY
Ukraine,2022-3-30,Красногорівка, Мар'їнська міська громада, Покровський район, Донецька область, 85630-85634, Україна,48.01068,37.50449,1,MentionType.SECONDARY
Ukraine,2022-3-30,могила Олександрівська, Березанська селищна громада, Миколаївський район, Миколаївська область, 57420, Україна,46.9404727,31.3134225,1,MentionType.SECONDARY
Ukraine,2022-3-08,Україна,49.4871968,31.2718321,1,MentionType.SECONDARY
Ukraine,2022-3-08,Київ, Україна,50.4500336,30.5241361,1,MentionType.SECONDARY
Ukraine,2022-3-08,Житомирська область, Україна,50.9080532,28.3867504,1,MentionType.SECONDARY
Ukraine,2022-3-08,Музей дважды Героя Советского Союза Амет-Хана Султана, 22, Ялтинская улица, Дом-музей Амет-Хана Султана, Алупка, городской округ Ялта, Автономна Республіка Крим, 298676, Україна,44.423953,34.0547074,1,MentionType.SECONDARY
Ukraine,2022-3-08,Чорнобиль, Вишгородський район, Київська область, 07270, Україна,51.2705477,30.2195609,1,MentionType.SECONDARY
Ukraine,2022-3-08,Охтирка, Охтирська міська громада, Охтирський район, Сумська область, 42700-42719, Україна,50.3115386,34.8868923,1,MentionType.SECONDARY
Ukraine,2022-3-01,Україна,49.4871968,31.2718321,1,MentionType.SECONDARY
Ukraine,2022-3-01,Київ, Україна,50.4500336,30.5241361,1,MentionType.SECONDARY
Ukraine,2022-3-01,Львів, Львівська міська громада, Львівський район, Львівська область, 79000, Україна,49.841952,24.0315921,1,MentionType.SECONDARY
Ukraine,2022-3-01,Бородянка, Бородянська селищна громада, Бучанський район, Київська область, 07801, Україна,50.6437677,29.9278296,1,MentionType.SECONDARY
Ukraine,2022-3-01,Луганська область, Україна,49.2724587,38.9150477,1,MentionType.SECONDARY
Ukraine,2022-3-06,Україна,49.4871968,31.2718321,1,MentionType.SECONDARY
Ukraine,2022-3-06,Полтава, Полтавська міська громада, Полтавський район, Полтавська область, 36000-36499, Україна,49.60250085,34.54449222533195,1,MentionType.SECONDARY
Ukraine,2022-3-06,Київ, Україна,50.4500336,30.5241361,1,MentionType.SECONDARY
Ukraine,2022-3-06,Заворичі, Калитянська селищна громада, Броварський район, Київська область, 07424, Україна,50.69916,31.13457,1,MentionType.SECONDARY
Ukraine,2022-3-06,Олександра, 168, Басівкутська вулиця, Басів Кут, Рівне, Рівненська міська громада, Рівненський район, Рівненська область, 33001, Україна,50.6009078,26.23828614742866,1,MentionType.SECONDARY
Ukraine,2022-3-06,Ірпінь, Ірпінська міська громада, Бучанський район, Київська область, 08200-08289, Україна,50.5206777,30.2448725,1,MentionType.SECONDARY
Ukraine,2022-3-06,Чорнобиль, Вишгородський район, Київська область, 07270, Україна,51.2705477,30.2195609,1,MentionType.SECONDARY
Ukraine,2022-3-06,Чернігівська область, Україна,51.272593,31.7417235,1,MentionType.SECONDARY
Ukraine,2022-3-06,Житомирська область, Україна,50.9080532,28.3867504,1,MentionType.SECONDARY
Ukraine,2022-3-06,Вінницька область, Україна,48.8990315,28.516068,1,MentionType.SECONDARY
Ukraine,2022-3-06,Запоріжжя, Запорізька міська громада, Запорізький район, Запорізька область, 69037, Україна,47.8507859,35.1182867,1,MentionType.SECONDARY
Ukraine,2022-3-06,Каланчак, Каланчацька селищна громада, Скадовський район, Херсонська область, 75803, Україна,46.257184,33.2843632,1,MentionType.SECONDARY
Ukraine,2022-3-24,Україна,49.4871968,31.2718321,1,MentionType.SECONDARY
Ukraine,2022-3-24,Чорнобиль, Вишгородський район, Київська область, 07270, Україна,51.2705477,30.2195609,1,MentionType.SECONDARY
Ukraine,2022-3-24,Харків, Харківська міська громада, Харківський район, Харківська область, Україна,49.9923181,36.2310146,1,MentionType.SECONDARY
Ukraine,2022-3-24,Перемога, Білопільська міська громада, Сумський район, Сумська область, 41800, Україна,51.109478,34.369778,1,MentionType.SECONDARY
Ukraine,2022-3-24,Київ, Україна,50.4500336,30.5241361,1,MentionType.SECONDARY
Ukraine,2022-3-24,Ірпінь, Ірпінська міська громада, Бучанський район, Київська область, 08200-08289, Україна,50.5206777,30.2448725,1,MentionType.SECONDARY
Ukraine,2022-3-24,Ізюм, Привокзальна площа, Ізюм, Ізюмська міська громада, Ізюмський район, Харківська область, 64304, Україна,49.2160489,37.3015645,1,MentionType.SECONDARY
Ukraine,2022-3-24,Луганська область, Україна,49.2724587,38.9150477,1,MentionType.SECONDARY
Ukraine,2022-3-24,Донецьк, Ворошиловський район, Донецька міська рада, Донецька область, 83000-83490, Україна,48.0158753,37.8013407,1,MentionType.SECONDARY
Ukraine,2022-3-24,Бердянськ, Бердянська міська громада, Бердянський район, Запорізька область, 71100-71127, Україна,46.755678,36.7887623,1,MentionType.SECONDARY
Ukraine,2022-3-24,Мелітополь, Мелітопольська міська громада, Мелітопольський район, Запорізька область, 72300-72324, Україна,46.8400009,35.35786473485406,1,MentionType.SECONDARY
Ukraine,2022-3-24,Музей дважды Героя Советского Союза Амет-Хана Султана, 22, Ялтинская улица, Дом-музей Амет-Хана Султана, Алупка, городской округ Ялта, Автономна Республіка Крим, 298676, Україна,44.423953,34.0547074,1,MentionType.SECONDARY
Ukraine,2022-3-23,Україна,49.4871968,31.2718321,1,MentionType.SECONDARY
Ukraine,2022-3-23,Київ, Україна,50.4500336,30.5241361,1,MentionType.SECONDARY
Ukraine,2022-3-23,Чернігівська область, Україна,51.272593,31.7417235,1,MentionType.SECONDARY
Ukraine,2022-3-23,Подільський район, Київ, Україна,50.4895574,30.42850354868418,1,MentionType.SECONDARY
Ukraine,2022-3-23,Луганська область, Україна,49.2724587,38.9150477,1,MentionType.SECONDARY
Ukraine,2022-3-23,Ретровіль, 47, Правди проспект, Западинка, Подільський район, Київ, 04203, Україна,50.5036116,30.41658098797076,1,MentionType.SECONDARY
Ukraine,2022-3-23,Irpin River, Маяковського вулиця, Ірпінь, Ірпінська міська громада, Бучанський район, Київська область, 08200-08289, Україна,50.509925,30.2583788,1,MentionType.SECONDARY
Ukraine,2022-3-23,Буча, Ірпінь, Ірпінська міська громада, Бучанський район, Київська область, 08200-08289, Україна,50.5300778,30.2179137,1,MentionType.SECONDARY
Ukraine,2022-3-23,Львів, Львівська міська громада, Львівський район, Львівська область, 79000, Україна,49.841952,24.0315921,1,MentionType.SECONDARY
Ukraine,2022-3-15,Україна,49.4871968,31.2718321,1,MentionType.SECONDARY
Ukraine,2022-3-15,Комишани, Херсонська міська громада, Херсонський район, Херсонська область, 73490, Україна,46.6363122,32.5030815,1,MentionType.SECONDARY
Ukraine,2022-3-15,Київ, Україна,50.4500336,30.5241361,1,MentionType.SECONDARY
Ukraine,2022-3-15,Львів, Львівська міська громада, Львівський район, Львівська область, 79000, Україна,49.841952,24.0315921,1,MentionType.SECONDARY
Ukraine,2022-3-15,Запорізька область, Україна,47.4165079,35.922969,1,MentionType.SECONDARY
Ukraine,2022-3-15,Чорнобиль, Вишгородський район, Київська область, 07270, Україна,51.2705477,30.2195609,1,MentionType.SECONDARY
Ukraine,2022-3-15,Рівненська область, Україна,51.2074112,26.5208033,1,MentionType.SECONDARY
Ukraine,2022-3-15,Юг, 9, Радгоспна вулиця, РТС, Судак, Судакский городской совет, Автономна Республіка Крим, 2980000, Україна,44.8583395,34.9723794,1,MentionType.SECONDARY
Ukraine,2022-3-15,Музей дважды Героя Советского Союза Амет-Хана Султана, 22, Ялтинская улица, Дом-музей Амет-Хана Султана, Алупка, городской округ Ялта, Автономна Республіка Крим, 298676, Україна,44.423953,34.0547074,1,MentionType.SECONDARY
Ukraine,2022-3-12,Україна,49.4871968,31.2718321,1,MentionType.SECONDARY
Ukraine,2022-3-12,Львів, Львівська міська громада, Львівський район, Львівська область, 79000, Україна,49.841952,24.0315921,1,MentionType.SECONDARY
Ukraine,2022-3-12,Мелітополь, Мелітопольська міська громада, Мелітопольський район, Запорізька область, 72300-72324, Україна,46.8400009,35.35786473485406,1,MentionType.SECONDARY
Ukraine,2022-3-12,Луганська область, Україна,49.2724587,38.9150477,1,MentionType.SECONDARY
Ukraine,2022-3-12,Чернігівська область, Україна,51.272593,31.7417235,1,MentionType.SECONDARY
Ukraine,2022-3-12,Чорнобиль, Вишгородський район, Київська область, 07270, Україна,51.2705477,30.2195609,1,MentionType.SECONDARY
Ukraine,2022-3-12,Рівненська область, Україна,51.2074112,26.5208033,1,MentionType.SECONDARY
Ukraine,2022-3-12,Приморский, Феодосийский городской совет, Республика Крым, 298176, Україна,45.1191428,35.4815631,1,MentionType.SECONDARY
Ukraine,2022-3-12,Вінницька область, Україна,48.8990315,28.516068,1,MentionType.SECONDARY
Ukraine,2022-3-12,Київ, Україна,50.4500336,30.5241361,1,MentionType.SECONDARY
Ukraine,2022-3-12,Васильків, Васильківська міська громада, Обухівський район, Київська область, 08600-08606, Україна,50.17387,30.32158,1,MentionType.SECONDARY
Ukraine,2022-3-12,Харків, Харківська міська громада, Харківський район, Харківська область, Україна,49.9923181,36.2310146,1,MentionType.SECONDARY
Ukraine,2022-3-12,Гнилокиш, Амур-Нижньодніпровський район, Дніпро, Дніпровська міська громада, Дніпровський район, Дніпропетровська область, 49000-49489, Україна,48.505003,35.0414635,1,MentionType.SECONDARY
Ukraine,2022-3-13,Україна,49.4871968,31.2718321,1,MentionType.SECONDARY
Ukraine,2022-3-13,Львів, Львівська міська громада, Львівський район, Львівська область, 79000, Україна,49.841952,24.0315921,1,MentionType.SECONDARY
Ukraine,2022-3-13,Ірпінь, Ірпінська міська громада, Бучанський район, Київська область, 08200-08289, Україна,50.5206777,30.2448725,1,MentionType.SECONDARY
Ukraine,2022-3-13,Луганська область, Україна,49.2724587,38.9150477,1,MentionType.SECONDARY
Ukraine,2022-3-13,Київ, Україна,50.4500336,30.5241361,1,MentionType.SECONDARY
Ukraine,2022-3-13,Буча, Ірпінь, Ірпінська міська громада, Бучанський район, Київська область, 08200-08289, Україна,50.5300778,30.2179137,1,MentionType.SECONDARY
Ukraine,2022-3-13,Чорнобиль, Вишгородський район, Київська область, 07270, Україна,51.2705477,30.2195609,1,MentionType.SECONDARY
Ukraine,2022-3-13,острів Зміїний, Біле, Вилківська міська громада, Ізмаїльський район, Одеська область, 68315, Україна,45.25480665,30.20330740019984,1,MentionType.SECONDARY
Ukraine,2022-3-13,Бердянськ, Бердянська міська громада, Бердянський район, Запорізька область, 71100-71127, Україна,46.755678,36.7887623,1,MentionType.SECONDARY
Ukraine,2022-3-13,Енергоатом, Жилянська вулиця, Євбаз, Шевченківський район, Київ, 01032, Україна,50.4411258,30.4972454,1,MentionType.SECONDARY
Ukraine,2022-3-13,Житомирська область, Україна,50.9080532,28.3867504,1,MentionType.SECONDARY
Ukraine,2022-3-14,Україна,49.4871968,31.2718321,1,MentionType.SECONDARY
Ukraine,2022-3-14,Ірпінь, Ірпінська міська громада, Бучанський район, Київська область, 08200-08289, Україна,50.5206777,30.2448725,1,MentionType.SECONDARY
Ukraine,2022-3-14,Мощун, Гостомельська селищна громада, Бучанський район, Київська область, 08106, Україна,50.6046106,30.3081105,1,MentionType.SECONDARY
Ukraine,2022-3-14,Буча, Ірпінь, Ірпінська міська громада, Бучанський район, Київська область, 08200-08289, Україна,50.5300778,30.2179137,1,MentionType.SECONDARY
Ukraine,2022-3-14,Луганська область, Україна,49.2724587,38.9150477,1,MentionType.SECONDARY
Ukraine,2022-3-14,Бердянськ, Бердянська міська громада, Бердянський район, Запорізька область, 71100-71127, Україна,46.755678,36.7887623,1,MentionType.SECONDARY
Ukraine,2022-3-14,Приморский, Феодосийский городской совет, Республика Крым, 298176, Україна,45.1191428,35.4815631,1,MentionType.SECONDARY
Ukraine,2022-3-14,Київ, Україна,50.4500336,30.5241361,1,MentionType.SECONDARY
Ukraine,2022-3-14,Львів, Львівська міська громада, Львівський район, Львівська область, 79000, Україна,49.841952,24.0315921,1,MentionType.SECONDARY
Ukraine,2022-3-14,Запоріжжя, Запорізька міська громада, Запорізький район, Запорізька область, 69037, Україна,47.8507859,35.1182867,1,MentionType.SECONDARY
Ukraine,2022-3-14,Мелітополь, Мелітопольська міська громада, Мелітопольський район, Запорізька область, 72300-72324, Україна,46.8400009,35.35786473485406,1,MentionType.SECONDARY
Ukraine,2022-3-22,Україна,49.4871968,31.2718321,1,MentionType.SECONDARY
Ukraine,2022-3-22,Чорнобаївка, Чорнобаївська сільська громада, Херсонський район, Херсонська область, 75024, Україна,46.6926512,32.5455178,1,MentionType.SECONDARY
Ukraine,2022-3-22,Київ, Україна,50.4500336,30.5241361,1,MentionType.SECONDARY
Ukraine,2022-3-22,Буча, Ірпінь, Ірпінська міська громада, Бучанський район, Київська область, 08200-08289, Україна,50.5300778,30.2179137,1,MentionType.SECONDARY
Ukraine,2022-3-22,Луганська область, Україна,49.2724587,38.9150477,1,MentionType.SECONDARY
Ukraine,2022-3-22,Дніпропетровська область, Україна,48.662589,34.9501715,1,MentionType.SECONDARY
Ukraine,2022-3-22,Хрещатик, Яремче ― пол. Чорногориця ― Яремче, Яремче, Яремчанська міська громада, Надвірнянський район, Івано-Франківська область, 78500, Україна,48.4541121,24.521133,1,MentionType.SECONDARY
Ukraine,2022-3-22,Мощун, Гостомельська селищна громада, Бучанський район, Київська область, 08106, Україна,50.6046106,30.3081105,1,MentionType.SECONDARY
Ukraine,2022-3-22,Львів, Львівська міська громада, Львівський район, Львівська область, 79000, Україна,49.841952,24.0315921,1,MentionType.SECONDARY
Ukraine,2022-3-25,Україна,49.4871968,31.2718321,1,MentionType.SECONDARY
Ukraine,2022-3-25,Чорнобиль, Вишгородський район, Київська область, 07270, Україна,51.2705477,30.2195609,1,MentionType.SECONDARY
Ukraine,2022-3-25,Львів, Львівська міська громада, Львівський район, Львівська область, 79000, Україна,49.841952,24.0315921,1,MentionType.SECONDARY
Ukraine,2022-3-25,Вінницька область, Україна,48.8990315,28.516068,1,MentionType.SECONDARY
Ukraine,2022-3-25,Київ, Україна,50.4500336,30.5241361,1,MentionType.SECONDARY
Ukraine,2022-3-25,Чернігівська область, Україна,51.272593,31.7417235,1,MentionType.SECONDARY
Ukraine,2022-3-25,Баришівка, Баришівська селищна громада, Броварський район, Київська область, 07500, Україна,50.3645295,31.3256722,1,MentionType.SECONDARY
Ukraine,2022-3-25,Васильків, Васильківська міська громада, Обухівський район, Київська область, 08600-08606, Україна,50.17387,30.32158,1,MentionType.SECONDARY
Ukraine,2022-3-03,Енергодар, Енергодарська міська громада, Василівський район, Запорізька область, 71500, Україна,47.4970865,34.6487214,1,MentionType.SECONDARY
Ukraine,2022-3-03,Львів, Львівська міська громада, Львівський район, Львівська область, 79000, Україна,49.841952,24.0315921,1,MentionType.SECONDARY
Ukraine,2022-3-03,Миколаїв, Новозаводська вулиця, Новий Водопій, Інгульський район, Миколаїв, Миколаївська міська громада, Миколаївський район, Миколаївська область, 54000-54490, Україна,46.9380295,32.0626947,1,MentionType.SECONDARY
Ukraine,2022-3-03,Укр-Петроль, Київське шосе, Глибочицька сільська громада, Житомирський район, Житомирська область, 12406, Україна,50.2859335,28.811242373678645,1,MentionType.SECONDARY
Ukraine,2022-3-03,Охтирка, Охтирська міська громада, Охтирський район, Сумська область, 42700-42719, Україна,50.3115386,34.8868923,1,MentionType.SECONDARY
Ukraine,2022-3-04,Київ, Україна,50.4500336,30.5241361,1,MentionType.SECONDARY
Ukraine,2022-3-04,Чернігівська область, Україна,51.272593,31.7417235,1,MentionType.SECONDARY
Ukraine,2022-3-05,Вінницька область, Україна,48.8990315,28.516068,1,MentionType.SECONDARY
Ukraine,2022-3-05,Буча, Ірпінь, Ірпінська міська громада, Бучанський район, Київська область, 08200-08289, Україна,50.5300778,30.2179137,1,MentionType.SECONDARY
Ukraine,2022-3-05,Житомирська область, Україна,50.9080532,28.3867504,1,MentionType.SECONDARY
Ukraine,2022-3-05,Старокостянтинів, Старокостянтинівська міська громада, Хмельницький район, Хмельницька область, 31100-31109, Україна,49.756163,27.2087889,1,MentionType.SECONDARY
Ukraine,2022-3-05,Івання, Лопушненська сільська громада, Кременецький район, Тернопільська область, 47063, Україна,49.8487894,25.5208376,1,MentionType.SECONDARY
Ukraine,2022-3-05,Суми, Сумська міська громада, Сумський район, Сумська область, Україна,50.90007875,34.809040734367024,1,MentionType.SECONDARY
Ukraine,2022-3-02,Чорнобиль, Вишгородський район, Київська область, 07270, Україна,51.2705477,30.2195609,1,MentionType.SECONDARY
Ukraine,2022-3-02,Житомирська область, Україна,50.9080532,28.3867504,1,MentionType.SECONDARY
Ukraine,2022-3-02,Чернігівська область, Україна,51.272593,31.7417235,1,MentionType.SECONDARY
Ukraine,2022-3-02,03, Маяковського вулиця, Шатилівка, Київський район, Харків, Харківська міська громада, Харківський район, Харківська область, 61107, Україна,50.0103297,36.2428146,1,MentionType.SECONDARY
Ukraine,2022-3-02,Донецьк, Ворошиловський район, Донецька міська рада, Донецька область, 83000-83490, Україна,48.0158753,37.8013407,1,MentionType.SECONDARY
Ukraine,2022-3-02,Охтирка, Охтирська міська громада, Охтирський район, Сумська область, 42700-42719, Україна,50.3115386,34.8868923,1,MentionType.SECONDARY
Ukraine,2022-3-02,Волноваха, Волноваська міська громада, Волноваський район, Донецька область, 85700-85706, Україна,47.5984285,37.4998511,1,MentionType.SECONDARY
Ukraine,2022-3-20,Запоріжжя, Запорізька міська громада, Запорізький район, Запорізька область, 69037, Україна,47.8507859,35.1182867,1,MentionType.SECONDARY
Ukraine,2022-3-20,Станично-Луганська центральна районна бібліотека, 26, Центральна вулиця, Станиця Луганська, Станично-Луганська селищна громада, Щастинський район, Луганська область, 93601, Україна,48.6423257,39.4991172,1,MentionType.SECONDARY
Ukraine,2022-3-20,Чернігівська область, Україна,51.272593,31.7417235,1,MentionType.SECONDARY
Ukraine,2022-3-20,20, Красна Зоря, Макіївська міська рада, 86191, Україна,48.1442224,38.127013,1,MentionType.SECONDARY
Ukraine,2022-3-20,Бровари, Броварська міська громада, Броварський район, Київська область, 07400, Україна,50.5111168,30.7900482,1,MentionType.SECONDARY
Ukraine,2022-3-20,Бобрик, Роменська міська громада, Роменський район, Сумська область, 42070, Україна,50.673752,33.50658,1,MentionType.SECONDARY
Ukraine,2022-3-18,Київ, Україна,50.4500336,30.5241361,1,MentionType.SECONDARY
Ukraine,2022-3-18,Миколаїв, Новозаводська вулиця, Новий Водопій, Інгульський район, Миколаїв, Миколаївська міська громада, Миколаївський район, Миколаївська область, 54000-54490, Україна,46.9380295,32.0626947,1,MentionType.SECONDARY
Ukraine,2022-3-18,Луганська область, Україна,49.2724587,38.9150477,1,MentionType.SECONDARY
Ukraine,2022-3-18,Ізюм, Привокзальна площа, Ізюм, Ізюмська міська громада, Ізюмський район, Харківська область, 64304, Україна,49.2160489,37.3015645,1,MentionType.SECONDARY
Ukraine,2022-3-18,Донецьк, Ворошиловський район, Донецька міська рада, Донецька область, 83000-83490, Україна,48.0158753,37.8013407,1,MentionType.SECONDARY
Ukraine,2022-3-27,Рівненська область, Україна,51.2074112,26.5208033,1,MentionType.SECONDARY
Ukraine,2022-3-27,Чорнобиль, Вишгородський район, Київська область, 07270, Україна,51.2705477,30.2195609,1,MentionType.SECONDARY
Ukraine,2022-3-27,Вінницька область, Україна,48.8990315,28.516068,1,MentionType.SECONDARY
Ukraine,2022-3-27,Чорнобаївка, Чорнобаївська сільська громада, Херсонський район, Херсонська область, 75024, Україна,46.6926512,32.5455178,1,MentionType.SECONDARY
Ukraine,2022-3-11,Перемога, Білопільська міська громада, Сумський район, Сумська область, 41800, Україна,51.109478,34.369778,1,MentionType.SECONDARY
Ukraine,2022-3-11,Чернігівська область, Україна,51.272593,31.7417235,1,MentionType.SECONDARY
Ukraine,2022-3-11,Grand Hotel Roxolana, 7-9, Грюнвальдська вулиця, Гірка, Івано-Франківськ, Івано-Франківська міська громада, Івано-Франківський район, Івано-Франківська область, 76018, Україна,48.925366,24.718215649942152,1,MentionType.SECONDARY
Ukraine,2022-3-11,Васильків, Васильківська міська громада, Обухівський район, Київська область, 08600-08606, Україна,50.17387,30.32158,1,MentionType.SECONDARY
Ukraine,2022-3-11,Бровари, Броварська міська громада, Броварський район, Київська область, 07400, Україна,50.5111168,30.7900482,1,MentionType.SECONDARY
Ukraine,2022-3-11,Суми, Сумська міська громада, Сумський район, Сумська область, Україна,50.90007875,34.809040734367024,1,MentionType.SECONDARY
Ukraine,2022-3-11,11, Донецька міська рада, 83000-83490, Україна,48.0315797,37.7709327,1,MentionType.SECONDARY
Ukraine,2022-3-11,Мощун, Гостомельська селищна громада, Бучанський район, Київська область, 08106, Україна,50.6046106,30.3081105,1,MentionType.SECONDARY
Ukraine,2022-3-29,Вінницька область, Україна,48.8990315,28.516068,1,MentionType.SECONDARY
Ukraine,2022-3-29,Лисичанськ, Лисичанська міська громада, Сєвєродонецький район, Луганська область, 93100, Україна,48.917267,38.4285981,1,MentionType.SECONDARY
Ukraine,2022-3-29,Старокостянтинів, Старокостянтинівська міська громада, Хмельницький район, Хмельницька область, 31100-31109, Україна,49.756163,27.2087889,1,MentionType.SECONDARY
Ukraine,2022-3-29,Хмельницька область, Україна,49.268624,27.0635998,1,MentionType.SECONDARY
Ukraine,2022-3-29,Житомирська область, Україна,50.9080532,28.3867504,1,MentionType.SECONDARY
Ukraine,2022-3-29,Харків, Харківська міська громада, Харківський район, Харківська область, Україна,49.9923181,36.2310146,1,MentionType.SECONDARY
Ukraine,2022-3-29,Лівобережний район, Маріуполь, Маріупольська міська громада, Маріупольський район, 87500-87590, Україна,47.1145914,37.6543961,1,MentionType.SECONDARY
Ukraine,2022-3-29,Запоріжжя, Запорізька міська громада, Запорізький район, Запорізька область, 69037, Україна,47.8507859,35.1182867,1,MentionType.SECONDARY
Ukraine,2022-3-29,Бердянськ, Бердянська міська громада, Бердянський район, Запорізька область, 71100-71127, Україна,46.755678,36.7887623,1,MentionType.SECONDARY
Ukraine,2022-3-29,Черкаська область, Україна,49.3402711,31.610320733574746,1,MentionType.SECONDARY
Ukraine,2022-3-16,Мерефа, Мереф'янська міська громада, Харківський район, Харківська область, 62472, Україна,49.8183386,36.0628675,1,MentionType.SECONDARY
Ukraine,2022-3-16,Чернігівська область, Україна,51.272593,31.7417235,1,MentionType.SECONDARY
Ukraine,2022-3-16,Музей дважды Героя Советского Союза Амет-Хана Султана, 22, Ялтинская улица, Дом-музей Амет-Хана Султана, Алупка, городской округ Ялта, Автономна Республіка Крим, 298676, Україна,44.423953,34.0547074,1,MentionType.SECONDARY
Ukraine,2022-3-16,Житомирська область, Україна,50.9080532,28.3867504,1,MentionType.SECONDARY
Ukraine,2022-3-28,Київ, Україна,50.4500336,30.5241361,1,MentionType.SECONDARY
Ukraine,2022-3-28,Первый республиканский супермаркет, 58в, Артема вулиця, Донецьк, Ворошиловський район, Донецька міська рада, 83000-83490, Україна,47.9955924,37.8041717001132,1,MentionType.SECONDARY
Ukraine,2022-3-28,Чернігівська область, Україна,51.272593,31.7417235,1,MentionType.SECONDARY
Ukraine,2022-3-28,Миколаїв, Новозаводська вулиця, Новий Водопій, Інгульський район, Миколаїв, Миколаївська міська громада, Миколаївський район, Миколаївська область, 54000-54490, Україна,46.9380295,32.0626947,1,MentionType.SECONDARY
Ukraine,2022-3-28,Одеса, Одеська міська громада, Одеський район, Одеська область, 65082, Україна,46.4843023,30.7322878,1,MentionType.SECONDARY
Ukraine,2022-3-28,Чорнобиль, Вишгородський район, Київська область, 07270, Україна,51.2705477,30.2195609,1,MentionType.SECONDARY
Ukraine,2022-3-28,Донецьк, Ворошиловський район, Донецька міська рада, Донецька область, 83000-83490, Україна,48.0158753,37.8013407,1,MentionType.SECONDARY
Ukraine,2022-3-28,28, Макіївська міська рада, 86100-86180, Україна,48.041401,38.0819477,1,MentionType.SECONDARY
Ukraine,2022-3-17,Харків, Харківська міська громада, Харківський район, Харківська область, Україна,49.9923181,36.2310146,1,MentionType.SECONDARY
Ukraine,2022-3-17,Краматорськ, Краматорська міська громада, Краматорський район, Донецька область, 84300-84390, Україна,48.7389415,37.5843812,1,MentionType.SECONDARY
Ukraine,2022-3-17,Маріуполь, Маріупольська міська громада, Маріупольський район, Донецька область, 87500-87590, Україна,47.0957648,37.5499621,1,MentionType.SECONDARY
Ukraine,2022-3-17,Ірпінь, Ірпінська міська громада, Бучанський район, Київська область, 08200-08289, Україна,50.5206777,30.2448725,1,MentionType.SECONDARY
Ukraine,2022-3-17,Поділ, Подільський район, Київ, 04070, Україна,50.469128,30.516624,1,MentionType.SECONDARY
Ukraine,2022-3-17,Донецьк, Ворошиловський район, Донецька міська рада, Донецька область, 83000-83490, Україна,48.0158753,37.8013407,1,MentionType.SECONDARY
Ukraine,2022-3-17,Макіївка, Центрально-Міський район, Макіївська міська рада, Донецька область, 86100-86180, Україна,48.0448144,37.9635093,1,MentionType.SECONDARY
Ukraine,2022-3-17,Сєвєродонецьк, Сєвєродонецька міська громада, Сєвєродонецький район, Луганська область, 93400-93480, Україна,48.9477095,38.4936024,1,MentionType.SECONDARY
Ukraine,2022-3-10,Чернівці, Чернівецька міська громада, Чернівецький район, Чернівецька область, 58002, Україна,48.2864702,25.9376532,1,MentionType.SECONDARY
Ukraine,2022-3-10,Парк "Новокодацький", Набережна Заводська вулиця, Новокодацький район, Дніпро, Дніпровська міська громада, Дніпровський район, Дніпропетровська область, 49000-49489, Україна,48.4889608,34.9391349,1,MentionType.SECONDARY
Ukraine,2022-3-10,Волноваха, Волноваська міська громада, Волноваський район, Донецька область, 85700-85706, Україна,47.5984285,37.4998511,1,MentionType.SECONDARY
Ukraine,2022-3-10,Луганська область, Україна,49.2724587,38.9150477,1,MentionType.SECONDARY
Ukraine,2022-3-10,Ізюм, Привокзальна площа, Ізюм, Ізюмська міська громада, Ізюмський район, Харківська область, 64304, Україна,49.2160489,37.3015645,1,MentionType.SECONDARY
Ukraine,2022-3-10,Енергоатом, Жилянська вулиця, Євбаз, Шевченківський район, Київ, 01032, Україна,50.4411258,30.4972454,1,MentionType.SECONDARY
Ukraine,2022-3-10,Донецьк, Ворошиловський район, Донецька міська рада, Донецька область, 83000-83490, Україна,48.0158753,37.8013407,1,MentionType.SECONDARY
Ukraine,2022-3-10,Озера, Кобеляцька міська громада, Полтавський район, Полтавська область, 39260, Україна,48.990318,33.955017,1,MentionType.SECONDARY
Ukraine,2022-3-19,Маріуполь, Маріупольська міська громада, Маріупольський район, Донецька область, 87500-87590, Україна,47.0957648,37.5499621,1,MentionType.SECONDARY
Ukraine,2022-3-19,Святошин, Перемоги проспект, Авіамістечко, Святошин, Святошинський район, 03115, Україна,50.4576865,30.3883951,1,MentionType.SECONDARY
Ukraine,2022-3-19,Кремінна, Кремінська міська громада, Сєвєродонецький район, Луганська область, 92900-92905, Україна,49.0463189,38.2178525,1,MentionType.SECONDARY
Ukraine,2022-3-19,Львів, Львівська міська громада, Львівський район, Львівська область, 79000, Україна,49.841952,24.0315921,1,MentionType.SECONDARY
Ukraine,2022-3-19,Ірпінь, Ірпінська міська громада, Бучанський район, Київська область, 08200-08289, Україна,50.5206777,30.2448725,1,MentionType.SECONDARY
Ukraine,2022-3-19,19, Боярка, Рівне, Рівненська міська громада, Рівненський район, Рівненська область, 33020, Україна,50.6249858,26.206512,1,MentionType.SECONDARY
Ukraine,2022-3-26,Київ, Україна,50.4500336,30.5241361,1,MentionType.SECONDARY
Ukraine,2022-3-26,Сєвєродонецьк, Сєвєродонецька міська громада, Сєвєродонецький район, Луганська область, 93400-93480, Україна,48.9477095,38.4936024,1,MentionType.SECONDARY
Ukraine,2022-3-21,Павлоград, Павлоградська міська громада, Павлоградський район, Дніпропетровська область, 51400-51429, Україна,48.5317201,35.8703535,1,MentionType.SECONDARY
Ukraine,2022-3-21,Сєвєродонецьк, Сєвєродонецька міська громада, Сєвєродонецький район, Луганська область, 93400-93480, Україна,48.9477095,38.4936024,1,MentionType.SECONDARY
Ukraine,2022-3-21,Луганська область, Україна,49.2724587,38.9150477,1,MentionType.SECONDARY
Ukraine,2022-3-21,Волинська область, Україна,51.5451167,24.6627893,1,MentionType.SECONDARY
Ukraine,2022-3-21,Лисичанськ, Лисичанська міська громада, Сєвєродонецький район, Луганська область, 93100, Україна,48.917267,38.4285981,1,MentionType.SECONDARY
Ukraine,2022-3-21,Краматорськ, Краматорська міська громада, Краматорський район, Донецька область, 84300-84390, Україна,48.7389415,37.5843812,1,MentionType.SECONDARY
Ukraine,2022-3-21,Закарпатська область, Україна,48.2953664,23.4466092,1,MentionType.SECONDARY
Ukraine,2022-3-21,Чернівці, Чернівецька міська громада, Чернівецький район, Чернівецька область, 58002, Україна,48.2864702,25.9376532,1,MentionType.SECONDARY
Ukraine,2022-3-21,Дніпропетровська область, Україна,48.662589,34.9501715,1,MentionType.SECONDARY
Ukraine,2022-3-21,Черкаська область, Україна,49.3402711,31.610320733574746,1,MentionType.SECONDARY
Ukraine,2022-3-21,Чернігівська область, Україна,51.272593,31.7417235,1,MentionType.SECONDARY
Ukraine,2022-3-21,Новоселівка, Лиманська міська громада, Краматорський район, Донецька область, 84431, Україна,49.07541,37.69735,1,MentionType.SECONDARY
Ukraine,2022-3-21,Чорнобиль, Вишгородський район, Київська область, 07270, Україна,51.2705477,30.2195609,1,MentionType.SECONDARY
Ukraine,2022-3-07,Бровари, Броварська міська громада, Броварський район, Київська область, 07400, Україна,50.5111168,30.7900482,1,MentionType.SECONDARY
Ukraine,2022-3-07,Чорнобиль, Вишгородський район, Київська область, 07270, Україна,51.2705477,30.2195609,1,MentionType.SECONDARY
Ukraine,2022-3-07,Київ, Україна,50.4500336,30.5241361,1,MentionType.SECONDARY
Ukraine,2022-3-07,Чернігівська область, Україна,51.272593,31.7417235,1,MentionType.SECONDARY
Ukraine,2022-3-09,Запоріжжя, Запорізька міська громада, Запорізький район, Запорізька область, 69037, Україна,47.8507859,35.1182867,1,MentionType.SECONDARY
Ukraine,2022-3-09,Бровари, Броварська міська громада, Броварський район, Київська область, 07400, Україна,50.5111168,30.7900482,1,MentionType.SECONDARY
Ukraine,2022-3-09,Луганська область, Україна,49.2724587,38.9150477,1,MentionType.SECONDARY
Ukraine,2022-3-30,Луганська область, Україна,49.2724587,38.9150477,1,MentionType.SECONDARY
Ukraine,2022-3-30,Суми, Сумська міська громада, Сумський район, Сумська область, Україна,50.90007875,34.809040734367024,1,MentionType.SECONDARY
Ukraine,2022-3-30,Вінницька область, Україна,48.8990315,28.516068,1,MentionType.SECONDARY
Ukraine,2022-3-30,Дніпропетровська область, Україна,48.662589,34.9501715,1,MentionType.SECONDARY
Ukraine,2022-3-30,Дергачі, Дергачівська міська громада, Харківський район, Харківська область, 62309, Україна,50.107307,36.1205965,1,MentionType.SECONDARY
Ukraine,2022-3-30,Василівка, Василівська міська громада, Василівський район, Запорізька область, 71600-71602, Україна,47.4431859,35.2803026,1,MentionType.SECONDARY
Ukraine,2022-3-08,Лозова, Лозівська міська громада, Лозівський район, Харківська область, Україна,48.8842428,36.3160254,1,MentionType.SECONDARY
Ukraine,2022-3-08,Покровське, Покровська селищна громада, Синельниківський район, Дніпропетровська область, 53600-53604, Україна,47.9808528,36.2333808,1,MentionType.SECONDARY
Ukraine,2022-3-08,Ірпінь, Ірпінська міська громада, Бучанський район, Київська область, 08200-08289, Україна,50.5206777,30.2448725,1,MentionType.SECONDARY
Ukraine,2022-3-08,Ізюм, Привокзальна площа, Ізюм, Ізюмська міська громада, Ізюмський район, Харківська область, 64304, Україна,49.2160489,37.3015645,1,MentionType.SECONDARY
Ukraine,2022-3-08,Енергоатом, Жилянська вулиця, Євбаз, Шевченківський район, Київ, 01032, Україна,50.4411258,30.4972454,1,MentionType.SECONDARY
Ukraine,2022-3-08,Львів, Львівська міська громада, Львівський район, Львівська область, 79000, Україна,49.841952,24.0315921,1,MentionType.SECONDARY
Ukraine,2022-3-08,Western, 264, Шевченка бульвар, Калиновий, Придніпровський район, Черкаси, Черкаська міська громада, Черкаський район, Черкаська область, 18000-18499, Україна,49.4393787,32.0674722,1,MentionType.SECONDARY
Ukraine,2022-3-08,Луганська область, Україна,49.2724587,38.9150477,1,MentionType.SECONDARY
Ukraine,2022-3-08,Волноваха, Волноваська міська громада, Волноваський район, Донецька область, 85700-85706, Україна,47.5984285,37.4998511,1,MentionType.SECONDARY
Ukraine,2022-3-08,Ізюм, Ізюмська міська громада, Ізюмський район, Харківська область, Україна,49.1913721,37.2784125,1,MentionType.SECONDARY
Ukraine,2022-3-01,Вінницька область, Україна,48.8990315,28.516068,1,MentionType.SECONDARY
Ukraine,2022-3-01,Кам’янець-Подільський, Кам'янець-Подільська міська громада, Кам’янець-Подільський район, Хмельницька область, 32300-32315, Україна,48.6784597,26.5852225,1,MentionType.SECONDARY
Ukraine,2022-3-01,Житомирська область, Україна,50.9080532,28.3867504,1,MentionType.SECONDARY
Ukraine,2022-3-06,Львів, Львівська міська громада, Львівський район, Львівська область, 79000, Україна,49.841952,24.0315921,1,MentionType.SECONDARY
Ukraine,2022-3-06,Донецьк, Ворошиловський район, Донецька міська рада, Донецька область, 83000-83490, Україна,48.0158753,37.8013407,1,MentionType.SECONDARY
Ukraine,2022-3-06,Горенка, Гостомельська селищна громада, Бучанський район, Київська область, Україна,50.5595665,30.3122576,1,MentionType.SECONDARY
Ukraine,2022-3-24,Вінницька область, Україна,48.8990315,28.516068,1,MentionType.SECONDARY
Ukraine,2022-3-24,Запоріжжя, Запорізька міська громада, Запорізький район, Запорізька область, 69037, Україна,47.8507859,35.1182867,1,MentionType.SECONDARY
Ukraine,2022-3-24,Автономна Республіка Крим, Україна,45.6856952,33.9329411,1,MentionType.SECONDARY
Ukraine,2022-3-24,Embassy of Ukraine, ถนนวิทยุ, วิทยุ, แขวงลุมพินี, เขตปทุมวัน, กรุงเทพมหานคร, 10330, ประเทศไทย,13.7389726,100.5478883,1,MentionType.SECONDARY
Ukraine,2022-3-24,Вишгород, Вишгородська міська громада, Вишгородський район, Київська область, 07300, Україна,50.5824332,30.485121,1,MentionType.SECONDARY
Ukraine,2022-3-24,Чернігівська область, Україна,51.272593,31.7417235,1,MentionType.SECONDARY
Ukraine,2022-3-23,Чорноморськ, Чорноморська міська громада, Одеський район, Одеська область, 68000-68004, Україна,46.3020943,30.653466,1,MentionType.SECONDARY
Ukraine,2022-3-23,Одеса, Одеська міська громада, Одеський район, Одеська область, 65082, Україна,46.4843023,30.7322878,1,MentionType.SECONDARY
Ukraine,2022-3-23,Ізюм, Ізюмська міська громада, Ізюмський район, Харківська область, Україна,49.1913721,37.2784125,1,MentionType.SECONDARY
Ukraine,2022-3-23,Вінницька область, Україна,48.8990315,28.516068,1,MentionType.SECONDARY
Ukraine,2022-3-23,Embassy of Ukraine, ถนนวิทยุ, วิทยุ, แขวงลุมพินี, เขตปทุมวัน, กรุงเทพมหานคร, 10330, ประเทศไทย,13.7389726,100.5478883,1,MentionType.SECONDARY
Ukraine,2022-3-23,Бердянськ, Бердянська міська громада, Бердянський район, Запорізька область, 71100-71127, Україна,46.755678,36.7887623,1,MentionType.SECONDARY
Ukraine,2022-3-23,Тростянець, Тростянецька міська громада, Охтирський район, Сумська область, 42600-42615, Україна,50.48046,34.96467,1,MentionType.SECONDARY
Ukraine,2022-3-23,Буча, Бучанська міська громада, Бучанський район, Київська область, 08292, Україна,50.5485813,30.2207143,1,MentionType.SECONDARY
Ukraine,2022-3-23,Ірпінь, Ірпінська міська громада, Бучанський район, Київська область, 08200-08289, Україна,50.5206777,30.2448725,1,MentionType.SECONDARY
Ukraine,2022-3-23,23, Донецька міська рада, 83000-83490, Україна,48.0337886,37.7940805,1,MentionType.SECONDARY
Ukraine,2022-3-23,АвтоВАЗ, Донецьк, Донецька міська рада, Донецька область, 83000-83490, Україна,47.9646728,37.85981076230921,1,MentionType.SECONDARY
Ukraine,2022-3-15,Чернігівська область, Україна,51.272593,31.7417235,1,MentionType.SECONDARY
Ukraine,2022-3-15,Харківська міська рада, Харківський район, Харківська область, Україна,49.99221885,36.272354296005254,1,MentionType.SECONDARY
Ukraine,2022-3-15,Черкаська область, Україна,49.3402711,31.610320733574746,1,MentionType.SECONDARY
Ukraine,2022-3-15,Одеса, Одеська міська громада, Одеський район, Одеська область, 65082, Україна,46.4843023,30.7322878,1,MentionType.SECONDARY
Ukraine,2022-3-15,Вінницька область, Україна,48.8990315,28.516068,1,MentionType.SECONDARY
Ukraine,2022-3-12,Енергоатом, Жилянська вулиця, Євбаз, Шевченківський район, Київ, 01032, Україна,50.4411258,30.4972454,1,MentionType.SECONDARY
Ukraine,2022-3-13,Маріуполь, Маріупольська міська громада, Маріупольський район, Донецька область, 87500-87590, Україна,47.0957648,37.5499621,1,MentionType.SECONDARY
Ukraine,2022-3-13,Донецьк, Ворошиловський район, Донецька міська рада, Донецька область, 83000-83490, Україна,48.0158753,37.8013407,1,MentionType.SECONDARY
Ukraine,2022-3-13,Бровари, Броварська міська громада, Броварський район, Київська область, 07400, Україна,50.5111168,30.7900482,1,MentionType.SECONDARY
Ukraine,2022-3-13,Ірпінь Сіті, 29, Центральна вулиця, Ірпінь, Ірпінська міська громада, Бучанський район, Київська область, 08200-08289, Україна,50.5202944,30.245799899142725,1,MentionType.SECONDARY
Ukraine,2022-3-13,Яворів, Яворівська міська громада, Яворівський район, Львівська область, 81000, Україна,49.9456001,23.3886319,1,MentionType.SECONDARY
Ukraine,2022-3-13,Херсонська область, Україна,46.5421715,33.4079326,1,MentionType.SECONDARY
Ukraine,2022-3-14,Маріуполь, Маріупольська міська громада, Маріупольський район, Донецька область, 87500-87590, Україна,47.0957648,37.5499621,1,MentionType.SECONDARY
Ukraine,2022-3-14,Чорнобиль, Вишгородський район, Київська область, 07270, Україна,51.2705477,30.2195609,1,MentionType.SECONDARY
Ukraine,2022-3-14,Харків, Харківська міська громада, Харківський район, Харківська область, Україна,49.9923181,36.2310146,1,MentionType.SECONDARY
Ukraine,2022-3-14,Миколаїв, Миколаївська міська громада, Миколаївський район, Миколаївська область, 54000-54490, Україна,46.9758615,31.9939666,1,MentionType.SECONDARY
Ukraine,2022-3-14,Рівненська область, Україна,51.2074112,26.5208033,1,MentionType.SECONDARY
Ukraine,2022-3-14,Подільськ, Подільська міська громада, Подільський район, Одеська область, 66314, Україна,47.7497422,29.5304957,1,MentionType.SECONDARY
Ukraine,2022-3-22,Чернігівська область, Україна,51.272593,31.7417235,1,MentionType.SECONDARY
Ukraine,2022-3-22,Рівненська область, Україна,51.2074112,26.5208033,1,MentionType.SECONDARY
Ukraine,2022-3-22,Донецьк, Ворошиловський район, Донецька міська рада, Донецька область, 83000-83490, Україна,48.0158753,37.8013407,1,MentionType.SECONDARY
Ukraine,2022-3-22,Бердянськ, Бердянська міська громада, Бердянський район, Запорізька область, 71100-71127, Україна,46.755678,36.7887623,1,MentionType.SECONDARY
Ukraine,2022-3-22,Рубіжне, Рубіжанська міська громада, Сєвєродонецький район, Луганська область, Україна,49.0222573,38.3667937,1,MentionType.SECONDARY
Ukraine,2022-3-22,Лівобережний район, Маріуполь, Маріупольська міська громада, Маріупольський район, 87500-87590, Україна,47.1145914,37.6543961,1,MentionType.SECONDARY
Ukraine,2022-3-22,Чорнобиль, Вишгородський район, Київська область, 07270, Україна,51.2705477,30.2195609,1,MentionType.SECONDARY
Ukraine,2022-3-22,Оболонський район, Київ, Україна,50.53063575,30.43835301645587,1,MentionType.SECONDARY
Ukraine,2022-3-25,Музей дважды Героя Советского Союза Амет-Хана Султана, 22, Ялтинская улица, Дом-музей Амет-Хана Султана, Алупка, городской округ Ялта, Автономна Республіка Крим, 298676, Україна,44.423953,34.0547074,1,MentionType.SECONDARY
Ukraine,2022-3-25,Північний, Генічеськ, Генічеська міська громада, Генічеський район, Херсонська область, 75500-75509, Україна,46.188509,34.7984866,1,MentionType.SECONDARY
Ukraine,2022-3-25,Житомирська область, Україна,50.9080532,28.3867504,1,MentionType.SECONDARY
Ukraine,2022-3-18,Маріуполь, Маріупольська міська громада, Маріупольський район, Донецька область, 87500-87590, Україна,47.0957648,37.5499621,1,MentionType.SECONDARY
Ukraine,2022-3-18,Сєвєродонецьк, Сєвєродонецька міська громада, Сєвєродонецький район, Луганська область, 93400-93480, Україна,48.9477095,38.4936024,1,MentionType.SECONDARY
Ukraine,2022-3-18,Кушниця, Керецьківська сільська громада, Хустський район, Закарпатська область, 90151, Україна,48.440441,23.25325,1,MentionType.SECONDARY
Ukraine,2022-3-18,Закарпаття, Корятовича вулиця, Берегове, Берегівська міська громада, Берегівський район, Закарпатська область, 90202, Україна,48.211218900000006,22.64866073351834,1,MentionType.SECONDARY
Ukraine,2022-3-27,Embassy of Ukraine - Consular Section, 331, Metcalfe Street, Golden Triangle, Centretown, Somerset, (Old) Ottawa, Ottawa, Eastern Ontario, Ontario, K2P 1R7, Canada,45.4145561,-75.68987321346154,1,MentionType.SECONDARY
Ukraine,2022-3-27,Красногорівка, Мар'їнська міська громада, Покровський район, Донецька область, 85630-85634, Україна,48.01068,37.50449,1,MentionType.SECONDARY
Ukraine,2022-3-27,Донецьк, Ворошиловський район, Донецька міська рада, Донецька область, 83000-83490, Україна,48.0158753,37.8013407,1,MentionType.SECONDARY
Ukraine,2022-3-27,Кривий Ріг, Криворізька міська громада, Криворізький район, Дніпропетровська область, 50000-50479, Україна,47.9102734,33.3917703,1,MentionType.SECONDARY
Ukraine,2022-3-27,Одеса, Одеська міська громада, Одеський район, Одеська область, 65082, Україна,46.4843023,30.7322878,1,MentionType.SECONDARY
Ukraine,2022-3-27,Церква Спасителя Христа, 26в, Чумаченка вулиця, Космічний Мікрорайон, Космос, Комунарський район, Запоріжжя, Запорізька міська громада, Запорізький район, Запорізька область, 69000-69499, Україна,47.7796524,35.223109064786094,1,MentionType.SECONDARY
Ukraine,2022-3-29,Музей дважды Героя Советского Союза Амет-Хана Султана, 22, Ялтинская улица, Дом-музей Амет-Хана Султана, Алупка, городской округ Ялта, Автономна Республіка Крим, 298676, Україна,44.423953,34.0547074,1,MentionType.SECONDARY
Ukraine,2022-3-29,Миколаївська область, Україна,47.3886032,31.9442334,1,MentionType.SECONDARY
Ukraine,2022-3-29,Trostineț-Тростянець-Тростянец, Подільський район, Одеська область, 67910, Україна,47.6054743,29.259883,1,MentionType.SECONDARY
Ukraine,2022-3-29,Донецьк, Ворошиловський район, Донецька міська рада, Донецька область, 83000-83490, Україна,48.0158753,37.8013407,1,MentionType.SECONDARY
Ukraine,2022-3-29,Миколаїв, Новозаводська вулиця, Новий Водопій, Інгульський район, Миколаїв, Миколаївська міська громада, Миколаївський район, Миколаївська область, 54000-54490, Україна,46.9380295,32.0626947,1,MentionType.SECONDARY
Ukraine,2022-3-16,Запоріжжя, Запорізька міська громада, Запорізький район, Запорізька область, 69037, Україна,47.8507859,35.1182867,1,MentionType.SECONDARY
Ukraine,2022-3-28,Лук’янівка, Київ, 03050, Україна,50.4644462,30.4751496,1,MentionType.SECONDARY
Ukraine,2022-3-17,Одеса, Одеська міська громада, Одеський район, Одеська область, 65082, Україна,46.4843023,30.7322878,1,MentionType.SECONDARY
Ukraine,2022-3-17,Київ, Україна,50.4500336,30.5241361,1,MentionType.SECONDARY
Ukraine,2022-3-19,Чернігівська область, Україна,51.272593,31.7417235,1,MentionType.SECONDARY
Ukraine,2022-3-19,Макарів, Макарівська селищна громада, Бучанський район, Київська область, 08001, Україна,50.4639897,29.8068986,1,MentionType.SECONDARY
Ukraine,2022-3-26,Embassy of Ukraine - Consular Section, 331, Metcalfe Street, Golden Triangle, Centretown, Somerset, (Old) Ottawa, Ottawa, Eastern Ontario, Ontario, K2P 1R7, Canada,45.4145561,-75.68987321346154,1,MentionType.SECONDARY
Ukraine,2022-3-26,Церква Спасителя Христа, 26в, Чумаченка вулиця, Космічний Мікрорайон, Космос, Комунарський район, Запоріжжя, Запорізька міська громада, Запорізький район, Запорізька область, 69000-69499, Україна,47.7796524,35.223109064786094,1,MentionType.SECONDARY
Ukraine,2022-3-26,Дніпропетровська область, Україна,48.662589,34.9501715,1,MentionType.SECONDARY
Ukraine,2022-3-21,Харків, Харківська міська громада, Харківський район, Харківська область, Україна,49.9923181,36.2310146,1,MentionType.SECONDARY
Ukraine,2022-3-21,Рівненська область, Україна,51.2074112,26.5208033,1,MentionType.SECONDARY
Ukraine,2022-3-21,Суми, Сумська міська громада, Сумський район, Сумська область, Україна,50.90007875,34.809040734367024,1,MentionType.SECONDARY
Ukraine,2022-3-21,Кам’янець-Подільський, Кам'янець-Подільська міська громада, Кам’янець-Подільський район, Хмельницька область, 32300-32315, Україна,48.6784597,26.5852225,1,MentionType.SECONDARY
Ukraine,2022-3-21,Північний, Генічеськ, Генічеська міська громада, Генічеський район, Херсонська область, 75500-75509, Україна,46.188509,34.7984866,1,MentionType.SECONDARY
Ukraine,2022-3-31,Орлове, Святовасилівська сільська громада, Дніпровський район, Дніпропетровська область, 52433, Україна,48.179508,34.520069,1,MentionType.SECONDARY
Ukraine,2022-3-30,Іванків, Іванківська селищна громада, Вишгородський район, Київська область, 07200, Україна,50.93301,29.9042867,1,MentionType.SECONDARY
Ukraine,2022-3-30,Донецьк, Ворошиловський район, Донецька міська рада, Донецька область, 83000-83490, Україна,48.0158753,37.8013407,1,MentionType.SECONDARY
Ukraine,2022-3-30,Старокостянтинів, Старокостянтинівська міська громада, Хмельницький район, Хмельницька область, 31100-31109, Україна,49.756163,27.2087889,1,MentionType.SECONDARY
Ukraine,2022-3-30,Хмельницька область, Україна,49.268624,27.0635998,1,MentionType.SECONDARY
Ukraine,2022-3-24,Поділ, Подільський район, Київ, 04070, Україна,50.469128,30.516624,1,MentionType.SECONDARY
Ukraine,2022-3-23,Western, 264, Шевченка бульвар, Калиновий, Придніпровський район, Черкаси, Черкаська міська громада, Черкаський район, Черкаська область, 18000-18499, Україна,49.4393787,32.0674722,1,MentionType.SECONDARY
Ukraine,2022-3-23,Чорнобиль, Вишгородський район, Київська область, 07270, Україна,51.2705477,30.2195609,1,MentionType.SECONDARY
Ukraine,2022-3-15,Запоріжжя, Запорізька міська громада, Запорізький район, Запорізька область, 69037, Україна,47.8507859,35.1182867,1,MentionType.SECONDARY
Ukraine,2022-3-12,Маріуполь, Маріупольська міська громада, Маріупольський район, Донецька область, 87500-87590, Україна,47.0957648,37.5499621,1,MentionType.SECONDARY
Ukraine,2022-3-12,Донецьк, Ворошиловський район, Донецька міська рада, Донецька область, 83000-83490, Україна,48.0158753,37.8013407,1,MentionType.SECONDARY
Ukraine,2022-3-12,Grand Hotel Roxolana, 7-9, Грюнвальдська вулиця, Гірка, Івано-Франківськ, Івано-Франківська міська громада, Івано-Франківський район, Івано-Франківська область, 76018, Україна,48.925366,24.718215649942152,1,MentionType.SECONDARY
Ukraine,2022-3-12,Миколаївська область, Україна,47.3886032,31.9442334,1,MentionType.SECONDARY
Ukraine,2022-3-13,Луганськ, Ленінський район, Луганська область, Україна,48.5717084,39.2973153,1,MentionType.SECONDARY
Ukraine,2022-3-13,Вознесенськ, Вознесенська міська громада, Вознесенський район, Миколаївська область, 56500-56518, Україна,47.5679582,31.3338636,1,MentionType.SECONDARY
Ukraine,2022-3-13,Букові праліси Карпат та інших регіонів Європи, Рахівський район, Закарпатська область, Україна,48.29636935,23.669288960396052,1,MentionType.SECONDARY
Ukraine,2022-3-13,Запоріжжя, Запорізька міська громада, Запорізький район, Запорізька область, 69037, Україна,47.8507859,35.1182867,1,MentionType.SECONDARY
Ukraine,2022-3-14,Гостомель, Гостомельська селищна громада, Бучанський район, Київська область, 08290, Україна,50.58826,30.25909,1,MentionType.SECONDARY
Ukraine,2022-3-14,Музей дважды Героя Советского Союза Амет-Хана Султана, 22, Ялтинская улица, Дом-музей Амет-Хана Султана, Алупка, городской округ Ялта, Автономна Республіка Крим, 298676, Україна,44.423953,34.0547074,1,MentionType.SECONDARY
Ukraine,2022-3-22,Житомирська область, Україна,50.9080532,28.3867504,1,MentionType.SECONDARY
Ukraine,2022-3-25,Донецьк, Ворошиловський район, Донецька міська рада, Донецька область, 83000-83490, Україна,48.0158753,37.8013407,1,MentionType.SECONDARY
Ukraine,2022-3-25,Луганська область, Україна,49.2724587,38.9150477,1,MentionType.SECONDARY
Ukraine,2022-3-25,Бердянськ, Бердянська міська громада, Бердянський район, Запорізька область, 71100-71127, Україна,46.755678,36.7887623,1,MentionType.SECONDARY
